{
  "authorizationURL": "https://oauth.vulalabs.com/",
  "tokenURL": "https://login.vulalabs.com/oauth/token",
  "permissions": [
    {
      "scope": "primary",
      "label": "Primary Permission",
      "required": false,
      "default": true
    }
  ],
  "configuration": [
    {
      "name": "client_id",
      "label": "Client ID",
      "description": "Public unique identifier for this application.",
      "required": true
    },
    {
      "name": "client_secret",
      "label": "Client Secret",
      "description": "Secret for this application.",
      "required": true
    }
  ]
}
